balancing_on,codneg,nomres,codcvm,doc_env,per_fim,shares_outstanding,net_debt,ebit,roic,market_cap,enterprise_value,earnings_yield,rank_final
2011-04-11,TOTS3,TOTVS,19992,2011-01-31 19:05:59,2010-12-31,31.459,179.421,211.669,0.1722590095894312,994.1044,1173.5254,0.1803701905386965,1
2011-04-11,ETER3,ETERNIT,5762,2011-03-11 11:18:46,2010-12-31,89.5,-56.717,123.661,0.2294060802986181,987.185,930.468,0.1329019375196138,2
2011-04-11,VALE5,VALE,4170,2011-02-24 23:49:15,2010-12-31,5365.305,30321.395,40442.258,0.1820130048731093,254959.29360000003,285280.68860000005,0.14176304115945684,3
2011-04-11,AUTM3,AUTOMETAL,22381,2011-02-28 14:52:34,2010-12-31,94.425,252.107,247.233,0.1891095934069881,1606.1692500000001,1858.2762500000001,0.13304426615795148,4
2011-04-11,RAPT4,RANDON PART,14109,2011-03-16 07:37:57,2010-12-31,243.785,69.816,450.228,0.1760831212912385,2913.2307499999997,2983.0467499999995,0.15092891185832072,5
2011-04-11,BRAP4,BRADESPAR,18724,2011-03-25 16:48:14,2010-12-31,349.548,2471.046,2453.397,0.1705639841667809,15082.9962,17554.0422,0.13976251008442944,6
2011-04-11,FESA4,FERBASA,3069,2011-03-29 09:47:43,2010-12-31,88.32,-383.574,125.956,0.1284594012405391,1201.1519999999998,817.5779999999997,0.15405991844203248,7
2011-04-11,UGPA4,ULTRAPAR,18465,2011-02-24 00:53:54,2010-12-31,136.095999,2195.406,1245.517,0.1115238701346589,3865.1263716,6060.5323716,0.20551280376564995,8
2011-04-11,TGMA3,TEGMA,20800,2011-03-01 23:08:15,2010-12-31,66.003,13.01,168.438,0.2567937132719813,1693.63698,1706.64698,0.09869527909046544,9
2011-04-11,JHSF3,JHSF PART,20605,2011-03-30 13:02:47,2010-12-31,426.374825,31.994,235.025,0.1396863290357265,1837.6754957499998,1869.6694957499997,0.12570403514323905,10
2011-04-11,FHER3,FER HERINGER,20621,2011-03-14 17:03:24,2010-12-31,48.471,606.485,169.658,0.1101884556984944,498.28187999999994,1104.76688,0.15356904978903785,11
2011-04-11,HBOR3,HELBOR,20877,2011-03-17 09:40:09,2010-12-31,65.097,246.747,198.056,0.134127280227053,1346.85693,1593.60393,0.12428182202085811,12
2011-04-11,EZTC3,EZTEC,20770,2011-03-22 21:04:06,2010-12-31,146.72412,-135.131,227.177,0.1527612222379575,2189.1238703999998,2053.9928704,0.11060262344326392,13
2011-04-11,ALPA4,ALPARGATAS,10456,2011-03-30 16:55:23,2010-12-31,353.456,-358.705,324.225,0.2162880748113947,4011.7256,3653.0206000000003,0.08875531662756021,14
2011-04-11,CCIM3,CC DES IMOB,20486,2011-03-21 21:32:57,2010-12-31,113.0,522.616,193.84,0.0983765694494854,750.3199999999999,1272.936,0.15227788356995167,15
2011-04-11,GRND3,GRENDENE,19615,2011-02-25 09:54:33,2010-12-31,300.72,-852.493,208.413,0.1671004515454223,2926.0056000000004,2073.5126000000005,0.10051204897428642,16
2011-04-11,MYPK3,IOCHP-MAXION,11932,2011-02-23 21:34:45,2010-12-31,98.537,408.15,261.557,0.1453659756572,2160.9164100000003,2569.0664100000004,0.10181013576834706,17
2011-04-11,EVEN3,EVEN,20524,2011-03-29 16:21:41,2010-12-31,233.293408,663.029,336.447,0.1071246380615051,1994.6586384000002,2657.6876384,0.12659388377279363,18
2011-04-11,POMO4,MARCOPOLO,8451,2011-02-24 09:29:57,2010-12-31,448.450042,636.424,363.792,0.1500816469914627,3148.11929484,3784.54329484,0.09612573345270188,19
2011-04-11,DIRR3,DIRECIONAL,21350,2011-04-05 16:03:49,2010-12-31,133.407162,111.523,158.758,0.1115421906836225,1444.79956446,1556.32256446,0.10200841626625426,20
2011-04-11,NATU3,NATURA,19550,2011-02-24 10:38:54,2010-12-31,430.881,131.434,1167.906,0.5549701066139836,19411.189049999997,19542.62305,0.059761987784950905,21
2011-04-11,BEEF3,MINERVA,20931,2011-03-21 11:59:21,2010-12-31,105.793418,1057.577,218.869,0.090404944143693,719.3952424,1776.9722424000001,0.12316962233714629,22
2011-04-11,BRKM5,BRASKEM,4820,2011-03-17 09:14:46,2010-12-31,801.665,9867.897,3214.961,0.104648604720129,18085.5624,27953.4594,0.11501120322874957,23
2011-04-11,GOAU4,GERDAU MET,8656,2011-03-03 17:59:15,2010-12-31,412.682,13781.016,3605.125,0.0741912188742801,9999.28486,23780.30086,0.15160131998430906,24
2011-04-11,LREN3,LOJAS RENNER,8133,2011-02-16 19:53:52,2010-12-31,122.349,-27.159,404.474,0.2685239737705313,6682.70238,6655.54338,0.06077249848832027,25
2011-04-11,MDIA3,M.DIASBRANCO,20338,2011-02-28 22:53:10,2010-12-31,113.45,221.828,412.735,0.1374155860861756,4449.509,4671.337,0.08835479007401949,26
2011-04-11,BISA3,BROOKFIELD,20265,2011-03-29 22:10:36,2010-12-31,438.140215,1182.585,587.858,0.0998811629564736,4004.6015651000002,5187.186565100001,0.11332887156116139,27
2011-04-11,FLRY3,FLEURY,21881,2011-03-14 10:21:13,2010-12-31,131.29855,-453.044,168.605,0.199154376036896,3055.3172585,2602.2732585000003,0.06479142782152983,28
2011-04-11,SLED4,SARAIVA LIVR,10472,2011-03-24 22:05:14,2010-12-31,28.596,175.021,117.284,0.1291232307730802,1127.54028,1302.56128,0.09004106125433117,29
2011-04-11,BRML3,BR MALLS PAR,19909,2011-03-24 19:09:54,2010-12-31,406.277,1313.474,968.351,0.0899793294881281,7089.533649999999,8403.00765,0.11523861935315506,30
2012-04-09,FHER3,FER HERINGER,20621,2012-03-14 08:59:20,2011-12-31,48.471,611.982,306.054,0.1860692303015676,640.30191,1252.28391,0.24439665602666727,1
2012-04-09,VALE5,VALE,4170,2012-02-16 11:24:28,2011-12-31,5365.305,39166.496,53087.424,0.1885198064491166,217616.77080000003,256783.26680000004,0.20674020025357817,2
2012-04-09,ODPV3,ODONTOPREV,20125,2012-03-01 18:33:38,2011-12-31,177.098264,-207.831,179.285,0.2127403547946904,1765.66969208,1557.83869208,0.11508572800988892,3
2012-04-09,ETER3,ETERNIT,5762,2012-03-12 17:47:08,2011-12-31,89.5,-20.477,117.301,0.1853766381166058,813.555,793.078,0.14790600672317225,4
2012-04-09,BRAP4,BRADESPAR,18724,2012-03-16 19:07:53,2011-12-31,349.548,582.935,2167.7,0.1545415501316325,11874.145559999999,12457.080559999999,0.17401348490596902,5
2012-04-09,SHOW3,TIME FOR FUN,22454,2012-02-16 10:26:12,2011-12-31,69.29,-142.053,102.209,0.3442170685036356,1219.5040000000001,1077.451,0.09486185450660865,6
2012-04-09,AUTM3,AUTOMETAL,22381,2012-02-29 18:11:32,2011-12-31,125.908,-262.426,239.791,0.172254837189407,2051.04132,1788.6153199999999,0.13406516052876033,7
2012-04-09,RAPT4,RANDON PART,14109,2012-02-28 08:02:22,2011-12-31,243.785,379.538,459.779,0.135416431641629,2698.69995,3078.23795,0.14936434657366238,8
2012-04-09,SLED4,SARAIVA LIVR,10472,2012-03-22 17:05:21,2011-12-31,28.596,274.127,139.592,0.124444804642229,616.2438000000001,890.3708000000001,0.1567796248484339,9
2012-04-09,EZTC3,EZTEC,20770,2012-03-13 22:12:01,2011-12-31,146.72412,-241.35,288.502,0.1619128732639405,3248.4720168,3007.1220168,0.09593957225154656,10
2012-04-09,MYPK3,IOCHP-MAXION,11932,2012-02-27 19:36:53,2011-12-31,94.863,519.373,358.253,0.164428463838141,3534.5953799999997,4053.96838,0.08837094087053536,11
2012-04-09,NATU3,NATURA,19550,2012-02-15 19:19:16,2011-12-31,431.239,671.089,1315.07,0.4517414463076175,17236.62283,17907.71183,0.07343595946171756,12
2012-04-09,TGMA3,TEGMA,20800,2012-03-14 20:54:35,2011-12-31,66.003,222.532,178.253,0.1895636299184686,1969.52952,2192.06152,0.08131751703756926,13
2012-04-09,MRVE3,MRV,20915,2012-03-15 23:02:15,2011-12-31,482.71,1746.51,893.023,0.108812777168847,6449.0055999999995,8195.515599999999,0.10896483437844962,14
2012-04-09,BEEF3,MINERVA,20931,2012-03-22 10:30:36,2011-12-31,105.909718,1289.661,282.346,0.0893274282917578,801.73656526,2091.39756526,0.13500350420695792,15
2012-04-09,POMO4,MARCOPOLO,8451,2012-02-28 08:05:25,2011-12-31,448.450042,580.316,428.482,0.1614321432485751,4408.26391286,4988.57991286,0.08589258014999848,16
2012-04-09,BRML3,BR MALLS PAR,19909,2012-02-28 01:36:37,2011-12-31,449.542,2672.954,1445.374,0.0962058823796368,10726.072119999999,13399.026119999999,0.10787157119147404,17
2012-04-09,GRND3,GRENDENE,19615,2012-03-01 19:05:10,2011-12-31,300.72,-804.906,187.293,0.124104087562221,2871.8760000000007,2066.9700000000007,0.09061234560733825,18
2012-04-09,HBOR3,HELBOR,20877,2012-03-14 19:27:51,2011-12-31,65.097,539.662,236.683,0.1078315955144599,1830.5276399999998,2370.1896399999996,0.09985825438001662,19
2012-04-09,LAME4,LOJAS AMERIC,8087,2012-03-06 20:23:09,2011-12-31,774.97171,2611.45,1140.573,0.1996823716841765,13414.760300099999,16026.2103001,0.07116922707502991,20
2012-04-09,JHSF3,JHSF PART,20605,2012-03-26 20:43:22,2011-12-31,428.762581,427.913,268.872,0.111192128005133,2559.71260857,2987.62560857,0.08999521199334382,21
2012-04-09,BISA3,BROOKFIELD,20265,2012-03-13 19:03:16,2011-12-31,445.183757,2523.781,611.969,0.0728858592429714,2604.32497845,5128.105978449999,0.11933626227143054,22
2012-04-09,DIRR3,DIRECIONAL,21350,2012-03-13 13:05:46,2011-12-31,153.244532,122.04,177.77,0.0866195701364982,1563.0942263999998,1685.1342263999998,0.10549308014458594,23
2012-04-09,LREN3,LOJAS RENNER,8133,2012-02-08 18:36:54,2011-12-31,122.821,259.898,472.633,0.2204669318451673,7724.21269,7984.11069,0.05919669933834547,24
2012-04-09,MGLU3,MAGAZ LUIZA,22470,2012-04-04 16:15:45,2011-12-31,186.494,463.261,213.66,0.1300634750222743,2208.08896,2671.34996,0.07998203275470504,25
2012-04-09,ALPA4,ALPARGATAS,10456,2012-03-16 19:04:10,2011-12-31,353.456,-435.021,311.815,0.1950990578648095,5475.03344,5040.01244,0.06186790284985883,26
2012-04-09,MAGG3,MAGNESITA SA,20842,2012-03-08 15:40:09,2011-12-31,291.981934,181.512,291.425,0.0678527999525871,1854.0852809,2035.5972809,0.14316436887317519,27
2012-04-09,RENT3,LOCALIZA,19739,2012-03-13 08:21:28,2011-12-31,201.708,1363.423,595.707,0.1582792553641174,6854.037839999999,8217.46084,0.07249283100934133,28
2012-04-09,EVEN3,EVEN,20524,2012-03-27 20:10:51,2011-12-31,233.293408,977.548,280.707,0.072031506728947,1658.71613088,2636.2641308800003,0.10647908785463707,29
2012-04-09,LEVE3,METAL LEVE,8575,2012-03-10 01:12:22,2011-12-31,42.7695,350.283,242.078,0.0944074461654457,2463.0955050000002,2813.378505,0.08604530089704371,30
2013-04-10,CSAN3,COSAN,19836,2012-05-31 00:22:35,2012-03-31,407.214,3397.908,4229.142,0.2144746609916705,18491.58774,21889.49574,0.19320417657094918,1
2013-04-10,ETER3,ETERNIT,5762,2013-03-15 16:57:06,2012-12-31,89.5,-15.64,155.553,0.221311290941465,828.77,813.13,0.19130151390306593,2
2013-04-10,BRML3,BR MALLS PAR,19909,2013-03-06 23:59:07,2012-12-31,453.364,3707.683,3409.403,0.1796910363702091,10926.072400000001,14633.755400000002,0.23298209562802993,3
2013-04-10,PTBL3,PORTOBELLO,13773,2013-03-28 07:22:06,2012-12-31,159.009,107.645,116.862,0.3285269112159882,855.4684199999999,963.1134199999999,0.12133773403344333,4
2013-04-10,BEEF3,MINERVA,20931,2013-03-20 21:26:37,2012-12-31,146.307556,1377.51,418.428,0.1295432394056337,1795.19371212,3172.70371212,0.13188373008219115,5
2013-04-10,EMBR3,EMBRAER,20087,2013-03-12 20:48:13,2012-12-31,740.465,-639.621,1217.431,0.1294542378184399,13283.942100000002,12644.321100000003,0.0962828285023543,6
2013-04-10,KLBN4,KLABIN S/A,12653,2013-02-22 07:25:15,2012-12-31,917.683296,3277.715,1644.218,0.1247533383394821,13361.468789760002,16639.18378976,0.09881602491895522,7
2013-04-10,FHER3,FER HERINGER,20621,2013-03-08 14:30:00,2012-12-31,48.471407,760.862,201.409,0.1078969779417016,597.16773424,1358.02973424,0.14830971290383077,8
2013-04-10,SLED4,SARAIVA LIVR,10472,2013-03-21 17:49:52,2012-12-31,28.596,287.958,143.899,0.1181408858575517,895.3407599999999,1183.29876,0.12160834175132577,9
2013-04-10,EUCA4,EUCATEX,5770,2013-03-20 19:44:00,2012-12-31,92.619,193.112,172.774,0.0903742144919449,818.7519599999999,1011.8639599999999,0.17074824959671459,10
2013-04-10,NATU3,NATURA,19550,2013-02-06 21:47:46,2012-12-31,431.239,681.457,1369.55,0.4547816059337255,21303.206599999998,21984.663599999996,0.06229569962580643,11
2013-04-10,PCAR4,P.ACUCAR-CBD,14826,2013-02-20 20:34:22,2012-12-31,263.41,3406.003,2869.207,0.1308334004654153,28464.084600000002,31870.087600000003,0.09002821190864878,12
2013-04-10,TIMP3,TIM PART S/A,17639,2013-02-06 02:38:39,2012-12-31,2417.632647,-40.495,2321.445,0.1110870100327173,21009.22770243,20968.73270243,0.11070983797370718,13
2013-04-10,HBOR3,HELBOR,20877,2013-03-25 17:54:40,2012-12-31,195.291,643.352,317.837,0.118412933882688,2677.43961,3320.7916099999998,0.09571121507380585,14
2013-04-10,HGTX3,CIA HERING,14761,2013-02-21 19:03:29,2012-12-31,164.224,-168.763,373.13,0.4002779416712583,6389.955839999999,6221.192839999999,0.059977243849589475,15
2013-04-10,RDNI3,RODOBENSIMOB,20451,2013-03-26 18:25:07,2012-12-31,48.575,258.467,124.733,0.079534965953796,716.967,975.434,0.12787436156623616,16
2013-04-10,TGMA3,TEGMA,20800,2013-03-31 22:39:16,2012-12-31,66.002,284.76,154.573,0.1457537914234893,1989.30028,2274.0602799999997,0.06797225269683706,17
2013-04-10,BEMA3,BEMATECH,20656,2013-03-04 18:02:15,2012-12-31,51.56827,-32.046,44.86,0.0864054351410586,460.5046511,428.4586511,0.10470088510251578,18
2013-04-10,AUTM3,AUTOMETAL,22381,2013-02-28 06:18:01,2012-12-31,125.908,-85.903,213.968,0.1200394751270148,2670.50868,2584.60568,0.08278554893526349,19
2013-04-10,EZTC3,EZTEC,20770,2013-03-19 21:23:21,2012-12-31,146.72412,-33.004,309.999,0.1244909999288098,4130.2839779999995,4097.279978,0.07565970635751366,20
2013-04-10,EVEN3,EVEN,20524,2013-03-04 20:04:10,2012-12-31,233.293408,976.923,326.279,0.0774057877452897,2318.93647552,3295.85947552,0.09899663575569215,21
2013-04-10,ALPA4,ALPARGATAS,10456,2013-03-15 18:37:26,2012-12-31,388.801,-318.155,291.759,0.1434086344147763,5163.277279999999,4845.12228,0.06021705606984186,22
2013-04-10,GRND3,GRENDENE,19615,2013-02-28 20:04:01,2012-12-31,300.72,-341.558,362.813,0.1485458969084443,6510.588,6169.03,0.058812001238444295,23
2013-04-10,CCRO3,CCR SA,18821,2013-03-18 19:34:57,2012-12-31,1765.5872,7272.158,2497.436,0.1549964088545853,36265.161088,43537.319088000004,0.05736310944989622,24
2013-04-10,GSHP3,GENERALSHOPP,21008,2013-04-04 19:28:23,2012-12-31,50.4806,616.748,108.156,0.0830400374118361,627.978664,1244.726664,0.08689136589428761,25
2013-04-10,IGTA3,IGUATEMI,20494,2013-03-19 18:35:18,2012-12-31,158.510978,559.914,365.094,0.1032760996458485,4070.56191504,4630.47591504,0.07884589115649167,26
2013-04-10,LREN3,LOJAS RENNER,8133,2013-02-26 19:05:40,2012-12-31,124.17,632.137,559.25,0.1904743474626126,9169.9545,9802.0915,0.057054150127041764,27
2013-04-10,AMAR3,LOJAS MARISA,22055,2013-02-05 20:32:28,2012-12-31,185.449,485.493,355.416,0.1538655937324127,5726.665120000001,6212.158120000001,0.05721296739948402,28
2013-04-10,CYRE3,CYRELA REALT,14460,2013-03-21 21:06:37,2012-12-31,416.659,2486.022,921.483,0.0771866306365212,7620.693109999999,10106.71511,0.09117532155311737,29
2013-04-10,DIRR3,DIRECIONAL,21350,2013-03-25 19:42:36,2012-12-31,153.972578,319.576,225.422,0.0854590237194517,2414.29002304,2733.86602304,0.08245539397330656,30
2014-04-10,MGLU3,MAGAZ LUIZA,22470,2014-02-24 07:35:59,2013-12-31,186.494,548.686,374.966,0.1990494306670087,1333.4321,1882.1181000000001,0.19922554275419804,1
2014-04-10,ETER3,ETERNIT,5762,2014-03-17 10:31:17,2013-12-31,89.5,33.724,143.247,0.1751273402203933,748.2199999999999,781.944,0.18319342561615667,2
2014-04-10,CVCB3,CVC BRASIL,23310,2014-02-05 09:13:55,2013-12-31,129.729,-44.577,265.546,0.6450415157671583,2071.7721300000003,2027.1951300000003,0.13099183007607162,3
2014-04-10,PTBL3,PORTOBELLO,13773,2014-03-25 20:46:58,2013-12-31,159.009,235.457,138.713,0.2142466195818531,804.5855399999999,1040.04254,0.13337242917006067,4
2014-04-10,EZTC3,EZTEC,20770,2014-03-19 21:13:25,2013-12-31,146.72412,93.607,568.504,0.1702360312022333,4131.7512192,4225.3582192,0.1345457522197104,5
2014-04-10,HGTX3,CIA HERING,14761,2014-02-20 18:29:17,2013-12-31,164.611,-116.279,405.003,0.3379381500646666,4151.48942,4035.21042,0.10036725668447298,6
2014-04-10,BEEF3,MINERVA,20931,2014-03-11 18:50:11,2013-12-31,145.056023,1865.41,459.517,0.1313452701947737,1469.4175129900002,3334.8275129900003,0.1377933336012326,7
2014-04-10,BEMA3,BEMATECH,20656,2014-02-25 18:06:36,2013-12-31,51.56827,-60.499,58.414,0.1122414079217432,455.8635068,395.36450679999996,0.1477472028857397,8
2014-04-10,EMBR3,EMBRAER,20087,2014-04-02 19:24:18,2013-12-31,740.465,-1005.586,1605.885,0.1412534119427893,14231.737299999999,13226.1513,0.12141740734509819,9
2014-04-10,HBOR3,HELBOR,20877,2014-03-18 20:37:15,2013-12-31,257.7,997.522,456.041,0.1110286266975936,1963.674,2961.196,0.15400567878654436,10
2014-04-10,VALE5,VALE,4170,2014-03-17 19:18:56,2013-12-31,5365.305,56511.766,33436.715,0.1057749440177084,159081.29325,215593.05925,0.1550917970936488,11
2014-04-10,JHSF3,JHSF PART,20605,2014-03-25 23:06:51,2013-12-31,432.043157,1556.252,544.314,0.0952142675402328,1754.09521742,3310.3472174199997,0.16442806879461558,12
2014-04-10,PCAR4,P.ACUCAR-CBD,14826,2014-03-18 20:52:41,2013-12-31,264.453,1101.639,2948.239,0.140863881783775,27640.627559999997,28742.266559999996,0.10257503505666467,13
2014-04-10,RAPT4,RANDON PART,14109,2014-04-02 11:18:19,2013-12-31,243.785,1192.137,446.422,0.1039309475139729,2028.2912000000001,3220.4282000000003,0.13862193853599966,14
2014-04-10,GRND3,GRENDENE,19615,2014-02-13 18:44:14,2013-12-31,300.72,-314.289,399.233,0.1502526870775647,4447.6488,4133.3598,0.09658801055741627,15
2014-04-10,KLBN4,KLABIN S/A,12653,2014-02-12 09:36:33,2013-12-31,917.683296,3984.214,1119.252,0.078779534474203,2055.61058304,6039.82458304,0.18531200444842247,16
2014-04-10,RDNI3,RODOBENSIMOB,20451,2014-03-20 18:52:07,2013-12-31,48.575,309.219,158.087,0.0822463731558352,568.3275,877.5464999999999,0.18014657912714596,17
2014-04-10,BRML3,BR MALLS PAR,19909,2014-03-17 19:38:49,2013-12-31,457.066,4278.201,1811.726,0.086991590021343,8492.286279999998,12770.487279999998,0.14186819659085087,18
2014-04-10,NATU3,NATURA,19550,2014-03-17 18:18:45,2013-12-31,431.239,1584.598,1415.996,0.3394874544471761,17818.79548,19403.39348,0.07297671932796367,19
2014-04-10,DIRR3,DIRECIONAL,21350,2014-03-17 19:23:22,2013-12-31,155.298749,347.749,258.721,0.0876039462748437,1625.97790203,1973.72690203,0.13108247130537795,20
2014-04-10,LEVE3,METAL LEVE,8575,2014-03-14 17:55:09,2013-12-31,128.3085,267.391,311.362,0.1251782779520604,2947.2462450000003,3214.6372450000003,0.09685758493723916,21
2014-04-10,ARZZ3,AREZZO CO,22349,2014-03-19 08:00:46,2013-12-31,88.637,-87.273,148.49,0.2293716604761871,2418.90373,2331.63073,0.06368504158460805,22
2014-04-10,RENT3,LOCALIZA,19739,2014-03-21 08:28:52,2013-12-31,211.793,1332.799,652.067,0.1609435652187896,7061.178620000001,8393.977620000001,0.07768271843450542,23
2014-04-10,SEER3,SER EDUCA,23221,2014-03-26 23:05:25,2013-12-31,125.213244,-193.735,137.378,0.3519354425515562,2404.0942848,2210.3592848,0.06215188677456587,24
2014-04-10,TIMP3,TIM PART S/A,17639,2014-02-13 21:53:31,2013-12-31,2417.632647,-540.986,2438.873,0.1145364885175058,27029.13299346,26488.14699346,0.09207412661226037,25
2014-04-10,CCRO3,CCR SA,18821,2014-03-12 18:32:08,2013-12-31,1765.5872,6995.933,2725.018,0.1715895951275555,30456.3792,37452.3122,0.07275967329995717,26
2014-04-10,LREN3,LOJAS RENNER,8133,2014-02-20 18:42:23,2013-12-31,125.895,980.853,650.438,0.1735128082628634,8164.290749999999,9145.14375,0.07112386833722543,27
2014-04-10,MYPK3,IOCHP-MAXION,11932,2014-02-26 18:20:28,2013-12-31,94.863,2111.254,453.559,0.0841715672022435,2056.62984,4167.88384,0.10882237063497431,28
2014-04-10,MAGG3,MAGNESITA SA,20842,2014-03-20 19:31:34,2013-12-31,290.677834,534.475,312.53,0.0579669913537007,1418.50782992,1952.9828299199999,0.16002700853893434,29
2014-04-10,ODPV3,ODONTOPREV,20125,2014-03-10 15:36:04,2013-12-31,531.294792,-257.122,263.085,0.3940185622220204,4946.35451352,4689.23251352,0.05610406377620923,30
2015-04-10,CVCB3,CVC BRASIL,23310,2015-02-09 20:27:56,2014-12-31,131.465335,-50.499,324.084,0.5238336921144082,2107.38932005,2056.8903200500004,0.15756017559172622,1
2015-04-10,MGLU3,MAGAZ LUIZA,22470,2015-02-26 18:31:29,2014-12-31,181.494467,848.478,490.928,0.2021357438963906,921.99189236,1770.46989236,0.27728683900159584,2
2015-04-10,PCAR4,P.ACUCAR-CBD,14826,2015-02-12 19:44:08,2014-12-31,265.283,-1421.0,4004.0,0.2023306025572314,26798.88866,25377.88866,0.15777514251258443,3
2015-04-10,HGTX3,CIA HERING,14761,2015-02-26 18:09:37,2014-12-31,164.611,-158.614,357.266,0.2570082499239751,2745.71148,2587.09748,0.13809529898347706,4
2015-04-10,ETER3,ETERNIT,5762,2015-03-12 08:31:33,2014-12-31,179.0,79.534,127.796,0.1419138475827049,553.11,632.644,0.20200302223683464,5
2015-04-10,SEER3,SER EDUCA,23221,2015-04-01 11:32:12,2014-12-31,125.213244,-28.729,229.349,0.2531602564209772,1731.69916452,1702.97016452,0.134675876758325,6
2015-04-10,BEMA3,BEMATECH,20656,2015-03-10 17:39:31,2014-12-31,51.56827,-38.052,71.953,0.1164524996505614,523.4179405,485.36594049999997,0.14824484784795072,7
2015-04-10,NATU3,NATURA,19550,2015-02-11 19:21:06,2014-12-31,431.239,2285.224,1364.672,0.2622914858107523,12022.943319999998,14308.167319999999,0.09537713457491215,8
2015-04-10,BEEF3,MINERVA,20931,2015-03-27 18:07:32,2014-12-31,178.00009,2851.663,593.553,0.1175629010844434,1450.7007335,4302.3637335,0.13795974417001253,9
2015-04-10,BRKM5,BRASKEM,4820,2015-02-12 09:39:42,2014-12-31,797.265348,16253.475,3569.208,0.1063615628171163,9096.79762068,25350.27262068,0.14079564560928415,10
2015-04-10,RAPT4,RANDON PART,14109,2015-03-12 11:27:34,2014-12-31,304.731,1058.638,369.412,0.0870140921676156,1121.41008,2180.04808,0.16945130861517513,11
2015-04-10,DIRR3,DIRECIONAL,21350,2015-03-16 19:13:34,2014-12-31,153.265983,283.188,243.658,0.079661547743891,976.3043117100001,1259.4923117100002,0.19345731429609755,12
2015-04-10,EZTC3,EZTEC,20770,2015-03-18 22:12:42,2014-12-31,146.72412,272.486,436.377,0.1070945433654544,3019.5823895999997,3292.0683895999996,0.1325540506322901,13
2015-04-10,TGMA3,TEGMA,20800,2015-03-26 18:29:15,2014-12-31,66.002915,281.498,134.646,0.1380619882859229,1015.7848618500001,1297.28286185,0.10379077991363198,14
2015-04-10,JBSS3,JBS,20575,2015-03-11 21:25:25,2014-12-31,2943.644008,25168.713,7829.443,0.1016986120275203,48422.9439316,73591.6569316,0.10639036171283793,15
2015-04-10,LEVE3,METAL LEVE,8575,2015-03-16 18:24:13,2014-12-31,128.3085,303.023,278.735,0.1116087879473616,2566.17,2869.193,0.09714752545402139,16
2015-04-10,WEGE3,WEG,5410,2015-02-25 07:38:22,2014-12-31,807.176538,-101.027,1094.352,0.1433581753613764,13043.97285408,12942.94585408,0.08455200325627785,17
2015-04-10,GRND3,GRENDENE,19615,2015-02-12 17:47:55,2014-12-31,300.72,-489.439,389.413,0.1397950932692229,5019.016800000001,4529.577800000001,0.08597114724467254,18
2015-04-10,MRVE3,MRV,20915,2015-03-05 20:29:56,2014-12-31,449.139,1284.533,703.676,0.0779571934372603,3844.6298400000005,5129.162840000001,0.13719119902225602,19
2015-04-10,ALSC3,ALIANSCE,21300,2015-03-26 19:21:58,2014-12-31,159.06092,1026.583,418.473,0.0943327629489215,2853.5529048000003,3880.1359048000004,0.10785008831322623,20
2015-04-10,BRML3,BR MALLS PAR,19909,2015-03-11 19:26:38,2014-12-31,460.601,4447.524,1706.567,0.078983093587459,8461.240370000001,12908.76437,0.1322021962044691,21
2015-04-10,HBOR3,HELBOR,20877,2015-03-24 18:57:34,2014-12-31,257.7,1189.273,312.23,0.0694244394666422,1005.03,2194.303,0.1422911967946086,22
2015-04-10,RENT3,LOCALIZA,19739,2015-03-24 09:03:18,2014-12-31,211.793,1322.277,726.637,0.1610529518456864,8249.337350000002,9571.614350000002,0.07591582500396078,23
2015-04-10,ANIM3,ANIMA,23248,2015-02-26 18:39:42,2014-12-31,82.865891,-6.842,121.562,0.1361091846775014,1471.69822416,1464.85622416,0.08298561865326265,24
2015-04-10,MYPK3,IOCHP-MAXION,11932,2015-02-25 17:19:08,2014-12-31,94.863,2175.327,417.703,0.0729355500115084,1083.33546,3258.6624600000005,0.12818234632377357,25
2015-04-10,ARZZ3,AREZZO CO,22349,2015-03-03 08:00:23,2014-12-31,88.682,-100.975,148.07,0.2056017234777559,2287.10878,2186.13378,0.06773144505365082,26
2015-04-10,CCRO3,CCR SA,18821,2015-04-02 19:03:18,2014-12-31,1765.5872,8862.114,2863.15,0.1507843675001458,29432.338624000004,38294.452624000005,0.07476670389082932,27
2015-04-10,RLOG3,COSAN LOG,23485,2015-03-18 18:53:31,2014-12-31,405.856814,698.222,225.092,0.0733100284632602,1245.98041898,1944.20241898,0.11577601066770174,28
2015-04-10,FESA4,FERBASA,3069,2015-02-27 17:58:50,2014-12-31,88.32,-234.656,74.286,0.0469972565867798,581.1456,346.48959999999994,0.2143960453647094,29
2015-04-10,TIMP3,TIM PART S/A,17639,2015-02-13 08:39:39,2014-12-31,2421.032479,1521.427,2485.689,0.0974000972840439,25323.99973034,26845.42673034,0.09259264249991374,30
2016-04-11,BRKM5,BRASKEM,4820,2016-02-18 10:22:20,2015-12-31,797.265248,19897.905,7052.191,0.2191811181742973,18648.034150720003,38545.939150720005,0.18295548520493815,1
2016-04-11,MGLU3,MAGAZ LUIZA,22470,2016-02-29 22:11:20,2015-12-31,22.248933,708.222,338.926,0.1632265107257992,644.32909968,1352.5510996799999,0.25058276916871125,2
2016-04-11,ALSC3,ALIANSCE,21300,2016-03-28 22:24:33,2015-12-31,162.735921,-136.045,443.178,0.1646676387301622,2305.9680005699997,2169.9230005699997,0.20423674014404433,3
2016-04-11,CVCB3,CVC BRASIL,23310,2016-02-19 10:27:38,2015-12-31,134.330243,154.356,384.451,0.3110662336659298,2510.63224167,2664.98824167,0.14425992354813766,4
2016-04-11,SEER3,SER EDUCA,23221,2016-03-19 13:17:37,2015-12-31,125.213244,99.59,218.098,0.1679981513101305,1378.59781644,1478.18781644,0.14754417373379336,5
2016-04-11,FESA4,FERBASA,3069,2016-03-04 18:18:23,2015-12-31,88.32,-64.991,215.687,0.1116683087697718,778.0992,713.1082,0.30246041203845364,6
2016-04-11,TIMP3,TIM PART S/A,17639,2016-02-04 20:35:27,2015-12-31,2421.032479,1226.619,3244.217,0.1179087530423885,17891.43001981,19118.049019809998,0.16969393668979316,7
2016-04-11,ETER3,ETERNIT,5762,2016-03-28 20:20:49,2015-12-31,179.0,144.949,92.143,0.0942763597466921,289.98,434.92900000000003,0.21185756755700355,8
2016-04-11,EZTC3,EZTEC,20770,2016-03-29 20:20:48,2015-12-31,157.058466,-165.608,391.311,0.10168139795098,2627.58813618,2461.98013618,0.1589415748118735,9
2016-04-11,PCAR4,P.ACUCAR-CBD,14826,2016-02-24 23:57:53,2015-12-31,265.702,-3037.0,1576.0,0.0979527262454091,12599.58884,9562.58884,0.16480892636601113,10
2016-04-11,NATU3,NATURA,19550,2016-02-17 21:07:01,2015-12-31,431.239,2752.201,1256.769,0.2165729687558747,12281.68672,15033.887719999999,0.08359574205999193,11
2016-04-11,FIBR3,FIBRIA,12793,2016-01-27 20:04:45,2015-12-31,553.591112,10254.317,3524.324,0.1008275006667855,15461.79975816,25716.11675816,0.13704728568249694,12
2016-04-11,HGTX3,CIA HERING,14761,2016-02-25 18:40:18,2015-12-31,163.771,-106.785,215.699,0.1333996827148959,2335.37446,2228.58946,0.09678722971255549,13
2016-04-11,JHSF3,JHSF PART,20605,2016-03-30 19:57:23,2015-12-31,525.0,1725.847,458.296,0.068888816008833,771.75,2497.5969999999998,0.18349477517790103,14
2016-04-11,MRFG3,MARFRIG,20788,2016-02-29 07:20:04,2015-12-31,520.747405,7179.583,1278.111,0.1051390570986817,3317.1609698499997,10496.743969849998,0.12176261549973431,15
2016-04-11,RENT3,LOCALIZA,19739,2016-03-03 21:55:38,2015-12-31,211.793,1634.173,735.508,0.1357576116898552,6830.324250000001,8464.49725,0.0868932883166806,16
2016-04-11,SUZB5,SUZANO PAPEL,13986,2016-02-19 08:15:42,2015-12-31,1107.739,12262.792,3069.984,0.0944395914158988,12096.50988,24359.30188,0.126029227566681,17
2016-04-11,LAME4,LOJAS AMERIC,8087,2016-03-16 19:12:35,2015-12-31,1200.491863,4912.747,1934.742,0.1625346878551266,18559.60420198,23472.35120198,0.08242642517366541,18
2016-04-11,ARZZ3,AREZZO CO,22349,2016-03-02 08:00:19,2015-12-31,88.735,-102.609,141.288,0.1809641060671924,2065.7508000000003,1963.1418000000003,0.0719703487542265,19
2016-04-11,ALPA4,ALPARGATAS,10456,2016-03-04 18:18:42,2015-12-31,470.45,184.499,368.805,0.1150481038504349,3787.1225000000004,3971.6215,0.09286005728390784,20
2016-04-11,GRND3,GRENDENE,19615,2016-02-25 18:50:19,2015-12-31,300.72,-405.332,400.732,0.1195983409814834,5115.247200000001,4709.9152,0.08508263588270124,21
2016-04-11,JBSS3,JBS,20575,2016-03-16 21:30:36,2015-12-31,2856.857505,47038.738,9179.297,0.0793598093521042,26683.0490967,73721.78709669999,0.12451267612326904,22
2016-04-11,BRFS3,BRF SA,16292,2016-02-25 23:45:52,2015-12-31,872.473246,9081.682,4228.41,0.1217735938878243,42716.290124160005,51797.972124160005,0.08163273245262342,23
2016-04-11,LREN3,LOJAS RENNER,8133,2016-02-04 20:35:50,2015-12-31,640.041,1165.485,933.253,0.177180516174723,13248.8487,14414.333700000001,0.0647447894174949,24
2016-04-11,BRML3,BR MALLS PAR,19909,2016-03-14 20:55:07,2015-12-31,463.732,4589.183,1435.62,0.0653929012364211,7020.902480000001,11610.085480000002,0.1236528363613736,25
2016-04-11,TCSA3,TECNISA,20435,2016-03-22 18:12:41,2015-12-31,180.0,1151.674,249.923,0.057600282433101,457.2,1608.874,0.15534031875709348,26
2016-04-11,ODPV3,ODONTOPREV,20125,2016-03-09 18:56:33,2015-12-31,531.294792,-334.352,308.66,0.6377292691249346,6577.429524960001,6243.077524960001,0.049440359945230314,27
2016-04-11,UGPA3,ULTRAPAR,18465,2016-02-17 21:13:47,2015-12-31,556.405096,5395.411,2950.646,0.1456614333776629,39465.81345928,44861.22445928,0.06577274774740638,28
2016-04-11,CCRO3,CCR SA,18821,2016-02-25 20:03:34,2015-12-31,1765.5872,11838.687,2729.437,0.1144272714493598,24312.135744,36150.822744,0.07550137985318767,29
2016-04-11,CSAN3,COSAN,19836,2016-02-18 23:15:17,2015-12-31,407.214353,6626.173,2029.475,0.0699057489571573,12175.7091547,18801.8821547,0.10793999150200406,30
2017-04-10,MGLU3,MAGAZ LUIZA,22470,2017-02-20 06:31:12,2016-12-31,21.623933,430.651,580.945,0.3366930601083778,3986.1558092200003,4416.80680922,0.13153054346576545,1
2017-04-10,SHOW3,TIME FOR FUN,22454,2017-03-08 19:58:11,2016-12-31,67.501,-99.651,53.285,0.1871250778178025,434.03143,334.38043,0.15935442154913193,2
2017-04-10,BEEF3,MINERVA,20931,2017-02-23 21:38:52,2016-12-31,239.844659,3429.833,886.986,0.1481340013664313,2355.27455138,5785.107551380001,0.15332230077354658,3
2017-04-10,CVCB3,CVC BRASIL,23310,2017-02-15 23:41:50,2016-12-31,134.330243,237.503,439.365,0.303732065535033,3833.7851352199996,4071.2881352199997,0.10791793295078539,4
2017-04-10,SEER3,SER EDUCA,23221,2017-03-17 00:02:07,2016-12-31,125.213244,-50.795,296.995,0.2178919636951773,2901.19086348,2850.39586348,0.10419429939720858,5
2017-04-10,POSI3,POSITIVO INF,20362,2017-03-16 19:33:36,2016-12-31,87.8,199.85,121.275,0.1054433239581343,294.13,493.98,0.24550589092675817,6
2017-04-10,CSAN3,COSAN,19836,2017-02-16 21:23:33,2016-12-31,407.294353,5147.199,2793.431,0.1156661165461633,15737.85379992,20885.05279992,0.13375264246450458,7
2017-04-10,SMLE3,SMILES,23140,2017-02-15 18:49:46,2016-12-31,123.626952,-563.401,601.047,5.5137327995996985,8007.31768104,7443.91668104,0.08074338090469155,8
2017-04-10,MAGG3,MAGNESITA SA,20842,2017-03-15 08:45:37,2016-12-31,52.631881,1492.407,464.505,0.0886832257818167,1357.37621099,2849.78321099,0.16299660907842647,9
2017-04-10,CCRO3,CCR SA,18821,2017-03-06 18:12:58,2016-12-31,1765.5872,13365.287,4302.444,0.162173007810037,31568.699135999996,44933.98613599999,0.09575032998358873,10
2017-04-10,FRAS3,FRAS-LE,6211,2017-03-23 06:59:36,2016-12-31,217.566,-274.257,83.637,0.1106697675351103,979.047,704.79,0.11866939088239051,11
2017-04-10,NATU3,NATURA,19550,2017-02-22 19:36:08,2016-12-31,431.239,2091.242,1082.868,0.2314699541103896,13023.4178,15114.6598,0.0716435576009458,12
2017-04-10,MRFG3,MARFRIG,20788,2017-02-23 22:08:22,2016-12-31,521.300754,5910.256,1013.17,0.0953767890666429,2929.71023748,8839.966237480001,0.11461242868828232,13
2017-04-10,ALPA4,ALPARGATAS,10456,2017-03-22 17:50:33,2016-12-31,470.45,90.556,472.343,0.1445743436109455,5574.8324999999995,5665.388499999999,0.08337345267672289,14
2017-04-10,GRND3,GRENDENE,19615,2017-02-16 18:02:07,2016-12-31,300.72,-1183.361,399.594,0.1516826795053111,6859.4232,5676.0622,0.07039986277810698,15
2017-04-10,VALE5,VALE,4170,2017-02-23 06:06:01,2016-12-31,5244.316,81672.867,25072.734,0.0768335912359138,143432.04260000002,225104.9096,0.11138243961250323,16
2017-04-10,ARZZ3,AREZZO CO,22349,2017-03-08 11:18:35,2016-12-31,88.836,-136.795,151.326,0.1874167955203939,2873.8446,2737.0496,0.055288000626660186,17
2017-04-10,MYPK3,IOCHP-MAXION,11932,2017-03-27 17:55:42,2016-12-31,94.863,2628.486,479.322,0.0680977784608668,1465.6333499999998,4094.11935,0.11707572716462211,18
2017-04-10,ODPV3,ODONTOPREV,20125,2017-02-21 18:12:04,2016-12-31,531.294792,-428.377,281.739,0.6904034425912998,5876.12039952,5447.74339952,0.051716642899301016,19
2017-04-10,UGPA3,ULTRAPAR,18465,2017-02-22 21:26:46,2016-12-31,556.405096,5730.385,3113.186,0.1437966937092547,39782.964364,45513.349364,0.06840160180482031,20
2017-04-10,ALSC3,ALIANSCE,21300,2017-03-27 20:40:38,2016-12-31,202.735921,-503.207,251.392,0.0830379554248095,3055.23032947,2552.02332947,0.09850693647546264,21
2017-04-10,BRAP4,BRADESPAR,18724,2017-03-21 07:11:36,2016-12-31,349.548,-244.002,781.88,0.0673075245036756,7120.29276,6876.29076,0.11370665192755752,22
2017-04-10,RENT3,LOCALIZA,19739,2017-02-05 12:48:32,2016-12-31,211.793,2093.628,771.192,0.1186278340323002,9225.703080000001,11319.331080000002,0.06813052772726212,23
2017-04-10,SGPS3,SPRINGS,20966,2017-03-27 18:37:37,2016-12-31,50.0,920.706,168.939,0.0572230781468917,446.5,1367.2060000000001,0.1235651394157135,24
2017-04-10,POMO4,MARCOPOLO,8451,2017-02-23 08:28:24,2016-12-31,925.196009,859.618,303.943,0.0735309579621242,2303.73806241,3163.35606241,0.09608244977912517,25
2017-04-10,TPIS3,TRIUNFO PART,19330,2017-03-28 21:12:08,2016-12-31,176.0,2718.697,374.968,0.0646159293033573,793.76,3512.4570000000003,0.10675376239481366,26
2017-04-10,LREN3,LOJAS RENNER,8133,2017-02-09 19:58:09,2016-12-31,643.551,981.039,975.69,0.1779946846663819,18489.220230000003,19470.259230000003,0.05011181353439021,27
2017-04-10,MDIA3,M.DIASBRANCO,20338,2017-03-06 18:17:01,2016-12-31,113.0,-216.892,800.604,0.1283544691227031,15429.019999999999,15212.127999999999,0.05262932312954507,28
2017-04-10,PTBL3,PORTOBELLO,13773,2017-03-21 09:20:46,2016-12-31,158.489,480.916,75.808,0.0695510408340573,437.42964,918.34564,0.08254844004050589,29
2017-04-10,SMTO3,SAO MARTINHO,20516,2016-06-06 20:11:17,2016-03-31,113.329207,2534.041,467.419,0.059527667264973,1968.5283255900001,4502.5693255900005,0.1038116164793867,30
2018-04-10,BRKM5,BRASKEM,4820,2018-03-29 05:11:07,2017-12-31,797.257604,17569.797,9359.062,0.2655607000248106,38204.584383680005,55774.38138368,0.1678021659373981,1
2018-04-10,SHOW3,TIME FOR FUN,22454,2018-03-29 18:45:27,2017-12-31,67.535,-179.079,68.12,0.3043830311564864,679.4021,500.3231,0.1361520185656029,2
2018-04-10,BRAP4,BRADESPAR,18724,2018-03-21 07:07:20,2017-12-31,349.548,40.193,2609.791,0.1947120645348212,11636.45292,11676.645919999999,0.22350519300494473,3
2018-04-10,FESA4,FERBASA,3069,2018-03-05 18:35:51,2017-12-31,88.32,-447.629,246.014,0.1510511298885786,1645.4015999999997,1197.7725999999998,0.20539291014003833,4
2018-04-10,SEER3,SER EDUCA,23221,2018-03-23 00:06:17,2017-12-31,138.812,-596.853,256.035,0.185382601035394,2562.4695200000006,1965.6165200000005,0.13025684175670235,5
2018-04-10,VULC3,VULCABRAS,11762,2018-03-08 15:45:12,2017-12-31,245.756,-7.444,240.693,0.2044157147655022,2189.6859600000003,2182.2419600000003,0.11029620198486147,6
2018-04-10,CAML3,CAMIL,24228,2017-09-28 21:02:41,2017-02-28,123.017292,1046.915,460.392,0.1262061489310269,900.48657744,1947.40157744,0.23641348827765588,7
2018-04-10,PTBL3,PORTOBELLO,13773,2018-02-23 20:11:02,2017-12-31,158.489,419.182,149.006,0.1396451219893161,841.57659,1260.75859,0.11818757467280078,8
2018-04-10,ODPV3,ODONTOPREV,20125,2018-02-28 18:09:07,2017-12-31,531.294792,-436.456,575.9,0.7754599074166637,7698.461536080001,7262.005536080001,0.07930316179721178,9
2018-04-10,LEVE3,METAL LEVE,8575,2018-03-19 17:52:26,2017-12-31,128.3085,6.912,307.478,0.14953260257661,3053.7423000000003,3060.6543,0.10046152549799564,10
2018-04-10,CSAN3,COSAN,19836,2018-03-26 18:39:42,2017-12-31,407.904353,6524.666,2866.649,0.1124715313598658,15908.269767,22432.935767,0.1277875098370757,11
2018-04-10,CCRO3,CCR SA,18821,2018-02-27 14:58:11,2017-12-31,2020.0,12070.244,3897.029,0.125082808470934,24482.399999999998,36552.644,0.10661414807640181,12
2018-04-10,SLCE3,SLC AGRICOLA,20745,2018-03-07 20:06:54,2017-12-31,98.8975,839.846,593.453,0.110591514236351,3694.8106,4534.6566,0.13087054927158098,13
2018-04-10,BEEF3,MINERVA,20931,2018-03-05 22:31:48,2017-12-31,229.860259,5799.666,989.541,0.1112460654469119,1956.11080409,7755.77680409,0.12758760663124893,14
2018-04-10,GUAR3,GUARARAPES,4669,2018-02-26 23:40:06,2017-12-31,62.4,517.362,888.624,0.1291148563624019,8748.48,9265.841999999999,0.09590321095481665,15
2018-04-10,VALE3,VALE,4170,2018-02-27 19:11:08,2017-12-31,5284.475,60074.727,34533.678,0.109483077532637,234313.62150000004,294388.3485,0.11730653803372247,16
2018-04-10,GRND3,GRENDENE,19615,2018-02-22 19:36:18,2017-12-31,300.72,-1443.969,465.59,0.173253535102952,8128.461600000001,6684.492600000001,0.06965225752512612,17
2018-04-10,ALSC3,ALIANSCE,21300,2018-03-12 19:07:07,2017-12-31,202.735921,-509.779,316.792,0.1049620478879348,3487.0578411999995,2977.2788411999995,0.10640320134486167,18
2018-04-10,PRIO3,PETRORIO,22187,2018-03-16 00:18:21,2017-12-31,13.191932,-476.285,42.209,0.0684731040076687,690.99339816,214.70839815999994,0.1965875595073184,19
2018-04-10,CVCB3,CVC BRASIL,23310,2018-02-08 09:46:42,2017-12-31,141.700212,579.274,488.972,0.2348843888354746,8161.9322112,8741.2062112,0.055938732960387795,20
2018-04-10,TGMA3,TEGMA,20800,2018-03-20 18:21:01,2017-12-31,66.002915,74.142,108.709,0.13719899492875,1522.68724905,1596.82924905,0.06807803656193931,21
2018-04-10,TEND3,TENDA,21148,2018-03-08 18:33:26,2017-12-31,54.035,-227.558,123.487,0.0870573318621078,1393.5626499999998,1166.0046499999999,0.10590609565750875,22
2018-04-10,EZTC3,EZTEC,20770,2018-03-16 00:13:46,2017-12-31,165.001783,-325.862,316.712,0.0933777908815567,3489.7877104499994,3163.9257104499993,0.10010095968876419,23
2018-04-10,MGLU3,MAGAZ LUIZA,22470,2018-02-22 19:44:49,2017-12-31,190.591464,-800.762,887.694,0.4601564072053815,18075.69444576,17274.93244576,0.051386250151031855,24
2018-04-10,NATU3,NATURA,19550,2018-03-14 18:44:55,2017-12-31,431.239,5661.464,1358.641,0.12289984252098,13433.09485,19094.55885,0.07115330658712757,25
2018-04-10,FLRY3,FLEURY,21881,2018-03-05 13:57:06,2017-12-31,315.312192,383.094,476.872,0.1506183989257387,8220.18884544,8603.282845439999,0.05542907382764437,26
2018-04-10,HGTX3,CIA HERING,14761,2018-03-01 18:10:43,2017-12-31,161.844,-121.528,199.748,0.1186211786385263,3151.1026799999995,3029.5746799999997,0.06593268729061336,27
2018-04-10,SGPS3,SPRINGS,20966,2018-03-22 19:43:11,2017-12-31,50.0,885.031,180.895,0.0586819710420744,529.5,1414.531,0.12788337618617054,28
2018-04-10,PARD3,IHPARDINI,24090,2018-03-22 19:52:55,2017-12-31,130.909,119.519,192.159,0.1930026555473547,3651.05201,3770.5710099999997,0.05096283811931181,29
2018-04-10,SMLS3,SMILES,24252,2018-02-27 21:50:17,2017-12-31,123.856953,-667.433,301.815,0.9750932516178298,8646.45388893,7979.02088893,0.03782606966460441,30
2019-04-10,SMLS3,SMILES,24252,2019-02-14 19:48:00,2018-12-31,124.007953,-675.31,741.969,1.444882391124749,5917.65951716,5242.349517160001,0.1415336763737866,1
2019-04-10,BRKM5,BRASKEM,4820,2019-03-13 19:01:57,2018-12-31,797.218554,17259.683,8303.943,0.2365292568342536,38282.434963080006,55542.11796308,0.1495071362874531,2
2019-04-10,PTBL3,PORTOBELLO,13773,2019-02-18 21:11:26,2018-12-31,158.489,513.013,244.404,0.1843224287051225,767.08676,1280.09976,0.1909257447247705,3
2019-04-10,TEND3,TENDA,21148,2019-03-12 18:04:15,2018-12-31,52.081,-313.068,219.36,0.1625425224484846,878.0856600000001,565.0176600000001,0.3882356526696882,4
2019-04-10,FESA4,FERBASA,3069,2019-03-11 14:23:14,2018-12-31,88.32,104.57,375.574,0.1337222019922478,1838.8223999999998,1943.3923999999997,0.19325690478155624,5
2019-04-10,LEVE3,METAL LEVE,8575,2019-03-18 17:37:44,2018-12-31,128.3085,194.03,376.895,0.1607985540776136,3035.7791100000004,3229.8091100000006,0.11669265494145563,6
2019-04-10,VALE3,VALE,4170,2019-03-27 19:17:38,2018-12-31,5284.475,37515.407,43175.744,0.1349257428298718,275955.2845,313470.6915,0.13773454798404972,7
2019-04-10,SEER3,SER EDUCA,23221,2019-03-28 00:05:43,2018-12-31,132.95186,-614.68,235.685,0.1817488312965976,2762.7396508,2148.0596508000003,0.10971995117185131,8
2019-04-10,SLCE3,SLC AGRICOLA,20745,2019-03-13 21:18:05,2018-12-31,95.2975,962.335,657.757,0.1155468330792358,4045.3788750000003,5007.713875,0.13134875841922974,9
2019-04-10,AMAR3,LOJAS MARISA,22055,2019-03-14 19:41:59,2018-12-31,204.086,619.596,279.999,0.1159891341392765,1530.645,2150.241,0.1302174965503867,10
2019-04-10,CAML3,CAMIL,24228,2018-05-28 19:30:19,2018-02-28,410.051876,602.918,399.574,0.1087942277584915,2858.06157572,3460.97957572,0.11545112915521184,11
2019-04-10,TGMA3,TEGMA,20800,2019-03-19 17:24:11,2018-12-31,66.002915,76.658,153.416,0.1804797604406181,1772.8382969,1849.4962968999998,0.08295015256702351,12
2019-04-10,SUZB3,SUZANO S.A.,13986,2019-02-21 19:48:22,2018-12-31,1105.826,10251.491,5005.759,0.1483026333473175,47860.149280000005,58111.64028000001,0.08614038385219712,13
2019-04-10,BRML3,BR MALLS PAR,19909,2019-03-29 19:01:27,2018-12-31,871.866,1848.134,1641.458,0.0848100080859615,10671.63984,12519.77384,0.1311092373534441,14
2019-04-10,FRAS3,FRAS-LE,6211,2019-03-19 04:02:54,2018-12-31,217.566,141.169,139.774,0.0953271422061341,1096.5326400000001,1237.7016400000002,0.11293028584821135,15
2019-04-10,VULC3,VULCABRAS,11762,2019-03-11 18:17:56,2018-12-31,245.756,-8.62,159.78,0.1130467967780181,1597.414,1588.794,0.10056684504095559,16
2019-04-10,CSAN3,COSAN,19836,2019-02-14 21:41:16,2018-12-31,407.904353,7260.191,2753.067,0.0999280560583972,18755.442150939998,26015.633150939997,0.10582356324087873,17
2019-04-10,KLBN4,KLABIN S/A,12653,2019-02-07 07:22:13,2018-12-31,5409.80184,12398.468,2983.605,0.1040149330503793,16067.111464800002,28465.5794648,0.10481448317921895,18
2019-04-10,SGPS3,SPRINGS,20966,2019-04-05 21:57:54,2018-12-31,50.0,932.114,261.395,0.0764327764673775,474.5,1406.614,0.18583278710435128,19
2019-04-10,GOAU4,GERDAU MET,8656,2019-02-21 08:41:01,2018-12-31,985.679647,12204.878,4022.706,0.0706538920560894,7215.175016040001,19420.05301604,0.20714186499271883,20
2019-04-10,CVCB3,CVC BRASIL,23310,2019-02-26 09:49:45,2018-12-31,146.511872,1067.326,544.605,0.1646969796941754,7535.105576960001,8602.43157696,0.06330826291703644,21
2019-04-10,MYPK3,IOCHP-MAXION,11932,2019-03-11 17:40:35,2018-12-31,150.575,2326.802,701.493,0.0837932691428872,3095.8219999999997,5422.624,0.1293641233469258,22
2019-04-10,GRND3,GRENDENE,19615,2019-02-14 18:04:02,2018-12-31,902.16,-1412.549,456.963,0.1469411004081378,7388.6903999999995,5976.1413999999995,0.07646455621013253,23
2019-04-10,TUPY3,TUPY,6343,2019-03-14 17:53:35,2018-12-31,144.178,693.19,369.883,0.0843794918554255,2562.04306,3255.23306,0.11362719448419462,24
2019-04-10,ALSC3,ALIANSCE,21300,2019-02-26 19:20:10,2018-12-31,202.735921,-572.543,322.35,0.104628517640949,3957.40517792,3384.86217792,0.09523282871094159,25
2019-04-10,FLRY3,FLEURY,21881,2019-02-27 18:06:01,2018-12-31,316.113442,450.294,503.247,0.1509566027574076,7159.9694613,7610.2634613,0.06612740840828057,26
2019-04-10,BRAP4,BRADESPAR,18724,2019-03-28 19:10:06,2018-12-31,348.034,-249.95,1234.255,0.0838946645555553,11321.54602,11071.596019999999,0.11147941071643257,27
2019-04-10,ODPV3,ODONTOPREV,20125,2019-02-26 18:08:27,2018-12-31,531.294792,-481.536,381.565,0.4577514941325306,8883.24892224,8401.71292224,0.04541514373693574,28
2019-04-10,HAPV3,HAPVIDA,24392,2019-03-14 04:27:09,2018-12-31,671.958573,-887.847,870.515,0.211382711161998,18895.47507276,18007.62807276,0.04834145821330136,29
2019-04-10,PARD3,IHPARDINI,24090,2019-03-15 22:25:32,2018-12-31,130.979,98.498,170.949,0.1599658875821441,2846.17367,2944.67167,0.05805367088684627,30
2020-04-09,SMLS3,SMILES,24252,2020-02-18 21:31:21,2019-12-31,124.158953,-1173.915,765.843,16.087090388287713,1804.02958709,630.11458709,1.2154027468826296,1
2020-04-09,TGMA3,TEGMA,20800,2020-03-31 20:26:15,2019-12-31,66.002915,150.747,242.601,0.2205992345272833,1185.4123534,1336.1593534,0.18156591830358845,2
2020-04-09,CEAB3,CEA MODAS,24848,2020-03-23 18:21:14,2019-12-31,308.245068,1140.571,1033.084,0.1757243976443123,2758.7933586,3899.3643586,0.2649365140042751,3
2020-04-09,PRIO3,PETRORIO,22187,2020-02-22 00:56:46,2019-12-31,143.18589,1511.963,924.337,0.1799015714711198,3800.1535206,5312.1165206,0.17400540752739302,4
2020-04-09,MRFG3,MARFRIG,20788,2020-02-19 19:37:09,2019-12-31,711.369913,13830.0,3412.353,0.1443101224047327,6395.21551787,20225.21551787,0.16871775714750795,5
2020-04-09,LEVE3,METAL LEVE,8575,2020-03-30 18:43:09,2019-12-31,128.3085,250.297,345.441,0.1473523429618077,2185.0937550000003,2435.3907550000004,0.14184212504329718,6
2020-04-09,TEND3,TENDA,21148,2020-03-19 18:25:13,2019-12-31,104.344,-200.016,290.731,0.1666090355676382,2410.3464,2210.3304,0.1315328242329744,7
2020-04-09,JHSF3,JHSF PART,20605,2020-02-13 20:12:49,2019-12-31,638.059981,669.243,610.973,0.1082229804314564,2386.34432894,3055.58732894,0.19995272077919954,8
2020-04-09,TIMP3,TIM PART S/A,17639,2020-02-11 21:27:45,2019-12-31,2421.032479,-910.201,4514.857,0.138456400371775,32320.783594649998,31410.582594649997,0.14373681183388787,9
2020-04-09,SEER3,SER EDUCA,23221,2020-03-27 00:09:27,2019-12-31,128.72156,-124.285,260.27,0.1450580685912803,2095.5869968,1971.3019968,0.13202949138310333,10
2020-04-09,BRML3,BR MALLS PAR,19909,2020-03-12 21:19:02,2019-12-31,872.728,1938.394,1968.032,0.0960389260093505,8386.916079999999,10325.31008,0.19060270197715942,11
2020-04-09,RAPT4,RANDON PART,14109,2020-03-05 08:15:00,2019-12-31,345.776,880.515,530.958,0.1146523530195057,2295.95264,3176.46764,0.16715359958774836,12
2020-04-09,TRIS3,TRISUL,21130,2020-03-10 19:11:53,2019-12-31,186.618,-182.751,170.383,0.1235227668415751,1373.50848,1190.75748,0.14308791073057128,13
2020-04-09,ENAT3,ENAUTA PART,22365,2020-03-11 23:58:51,2019-12-31,265.806905,-1452.367,210.224,0.0961410895051099,2700.5981548,1248.2311548,0.16841752362260456,14
2020-04-09,JBSS3,JBS,20575,2020-03-25 21:19:32,2019-12-31,2728.747412,42994.076,13482.879,0.1179008612326083,52473.81273276,95467.88873276001,0.14122946656694338,15
2020-04-09,PARD3,IHPARDINI,24090,2020-03-31 17:36:52,2019-12-31,130.979,101.745,235.098,0.1943929912390487,2540.9926,2642.7376,0.08896002387826926,16
2020-04-09,CSAN3,COSAN,19836,2020-02-14 22:18:08,2019-12-31,394.21,7338.309,3599.856,0.1291286030481765,20952.261499999997,28290.570499999998,0.1272457902536819,17
2020-04-09,POSI3,POSITIVO TEC,20362,2020-03-04 21:02:21,2019-12-31,87.8,251.41,98.855,0.0829761338518787,305.544,556.954,0.17749221659239364,18
2020-04-09,UCAS3,UNICASA,22780,2020-03-12 18:17:46,2019-12-31,66.086364,-66.71,19.991,0.1413669480992585,264.345456,197.63545600000003,0.10115087851443011,19
2020-04-09,VIVA3,VIVARA S.A.,24805,2020-03-23 19:35:18,2019-12-31,236.197769,-165.490483,292.922539,0.2091774447694895,3769.71639324,3604.22591024,0.0812719697086065,20
2020-04-09,YDUQ3,YDUQS PART,21016,2020-03-23 17:15:29,2019-12-31,309.089,1042.54,900.018,0.1433117871346225,8431.94792,9474.48792,0.09499384110249623,21
2020-04-09,ARZZ3,AREZZO CO,22349,2020-03-04 18:38:54,2019-12-31,90.954,-96.899,223.102,0.2268232764198085,3449.8852199999997,3352.98622,0.0665382991046113,22
2020-04-09,VULC3,VULCABRAS,11762,2020-03-02 19:31:15,2019-12-31,245.756,-19.111,141.764,0.0875809708167145,1039.54788,1020.4368800000001,0.138924810322418,23
2020-04-09,ODPV3,ODONTOPREV,20125,2020-03-27 17:15:35,2019-12-31,531.294792,-544.277,386.324,0.445590196708935,7459.37887968,6915.10187968,0.05586671125341068,24
2020-04-09,LOGN3,LOG-IN,20710,2020-03-17 19:38:33,2019-12-31,104.199191,593.111,172.483,0.1250758439743429,1340.0015962599998,1933.11259626,0.08922553209456267,25
2020-04-09,SLCE3,SLC AGRICOLA,20745,2020-03-26 16:12:12,2019-12-31,190.595,974.997,558.712,0.0931323543005562,3874.7963499999996,4849.79335,0.11520325912443259,26
2020-04-09,TUPY3,TUPY,6343,2020-03-03 18:28:00,2019-12-31,144.178,643.951,356.591,0.0776385931831122,1810.87568,2454.82668,0.14526117175816258,27
2020-04-09,DIRR3,DIRECIONAL,21350,2020-03-09 18:12:35,2019-12-31,147.92501,143.619,193.017,0.0841998251113873,1328.3665898,1471.9855897999998,0.13112696302021912,28
2020-04-09,MTRE3,MITRE REALTY,24902,2020-03-31 00:06:06,2019-12-31,56.1,87.451,42.19,0.1846805857696185,590.172,677.623,0.06226175911974652,29
2020-04-09,LREN3,LOJAS RENNER,8133,2020-02-06 20:43:20,2019-12-31,795.558,272.727,1643.654,0.2179500339639176,29809.558259999998,30082.285259999997,0.05463860161533486,30
2021-04-12,INTB3,INTELBRAS,25453,2021-04-07 12:23:04,2020-12-31,28.161111,-252.617,386.374,0.3524077649240685,613.34899758,360.73199758,1.0710832490381266,1
2021-04-12,MRFG3,MARFRIG,20788,2021-04-08 18:08:50,2020-12-31,711.369913,15742.128,7853.862,0.2691886946904504,12932.70501834,28674.833018340003,0.27389390532725283,2
2021-04-12,CYRE3,CYRELA REALT,14460,2021-03-18 17:20:56,2020-12-31,399.743,861.104,2204.877,0.2185757582311814,10157.46963,11018.573629999999,0.20010548316315968,3
2021-04-12,TASA4,TAURUS ARMAS,6173,2021-03-19 00:03:01,2020-12-31,96.129483,675.178,434.323,0.3995461406905317,2212.9006986599998,2888.0786986599996,0.15038475239664195,4
2021-04-12,SEER3,SER EDUCA,23221,2021-03-26 00:46:01,2020-12-31,128.72156,-90.051,313.194,0.1546711103262707,1722.2944728000002,1632.2434728000003,0.19187946235909123,5
2021-04-12,BEEF3,MINERVA,20931,2021-02-25 19:55:11,2020-12-31,548.426499,5180.609,1793.773,0.1966372541577937,6120.4397288400005,11301.04872884,0.15872624240813465,6
2021-04-12,LAVV3,LAVVI,25062,2021-03-18 17:52:55,2020-12-31,214.628652,-862.967,118.836,0.1793242396667382,1581.81316524,718.84616524,0.16531492514858784,7
2021-04-12,RAPT4,RANDON PART,14109,2021-03-11 19:59:12,2020-12-31,345.776,1144.699,1014.44,0.1757822216236183,4871.98384,6016.6828399999995,0.16860453292565444,8
2021-04-12,PLPL3,PLANOEPLANO,25070,2021-03-25 18:12:41,2020-12-31,204.256,86.466,150.509,0.3137485865891791,1427.74944,1514.21544,0.09939734863620199,9
2021-04-12,SMLS3,SMILES,24252,2021-03-08 22:42:32,2020-12-31,124.158953,-735.148,210.253,0.2255713449722032,2664.45113138,1929.3031313799997,0.10897872738619845,10
2021-04-12,ALLD3,ALLIED,25330,2021-03-01 19:30:34,2020-12-31,80.415,61.052,270.385,0.1497551691409898,1411.2832500000002,1472.33525,0.18364363686870908,11
2021-04-12,POSI3,POSITIVO TEC,20362,2021-03-17 17:19:12,2020-12-31,141.8,218.772,277.676,0.1463892452332835,1290.38,1509.152,0.18399472021373592,12
2021-04-12,JBSS3,JBS,20575,2021-03-24 19:20:51,2020-12-31,2623.373646,46226.962,20503.095,0.1507393249307898,84210.29403660001,130437.25603660001,0.15718741426335234,13
2021-04-12,ODPV3,ODONTOPREV,20125,2021-03-04 18:14:30,2020-12-31,531.294792,-736.846,514.863,0.7234008247132981,7076.8466294400005,6340.000629440001,0.0812086670164064,14
2021-04-12,ASAI3,ASSAI,25372,2021-03-01 20:32:48,2020-12-31,268.352,4299.0,2068.0,0.2390751445086704,20786.545919999997,25085.545919999997,0.08243791092268962,15
2021-04-12,KEPL3,KEPLER WEBER,7870,2021-02-24 19:59:12,2020-12-31,26.312,-264.318,80.425,0.2095285651691646,1202.19528,937.8772799999999,0.08575215725451842,16
2021-04-12,CURY3,CURY S/A,25100,2021-03-22 18:42:16,2020-12-31,291.875088,-154.195,225.022,0.3042133422915573,2936.2633852800004,2782.0683852800003,0.08088298662628048,17
2021-04-12,VALE3,VALE,4170,2021-02-25 21:17:09,2020-12-31,5284.474,8003.529,52067.618,0.1818335172915123,545304.87206,553308.40106,0.09410234491334583,18
2021-04-12,JHSF3,JHSF PART,20605,2021-02-18 18:11:19,2020-12-31,684.810641,525.917,816.171,0.1237590980271065,4677.25667803,5203.173678030001,0.1568602261819972,19
2021-04-12,EVEN3,EVEN,20524,2021-03-18 19:14:51,2020-12-31,212.0,-835.664,272.061,0.1091052302502258,2285.3599999999997,1449.6959999999997,0.1876676213495795,20
2021-04-12,PCAR3,P.ACUCAR-CBD,14826,2021-02-23 20:49:46,2020-12-31,268.352,440.0,2629.0,0.1006053226648112,9700.924799999999,10140.924799999999,0.25924657285694497,21
2021-04-12,TEND3,TENDA,21148,2021-03-11 19:14:53,2020-12-31,104.344,-148.337,264.648,0.1275147614514405,2869.46,2721.123,0.0972569045941694,22
2021-04-12,USIM5,USIMINAS,14320,2021-02-12 07:57:07,2020-12-31,1253.079108,1100.258,2928.465,0.107745611822842,24272.14232196,25372.40032196,0.11541931243554406,23
2021-04-12,LOGN3,LOG-IN,20710,2021-03-09 18:00:19,2020-12-31,105.489191,680.432,192.76,0.1229913137631175,1638.24713623,2318.67913623,0.0831335379648145,24
2021-04-12,ENAT3,ENAUTA PART,22365,2021-04-05 08:29:18,2020-12-31,265.806905,-930.476,320.884,0.1160454662017178,4579.852973149999,3649.3769731499992,0.08792843336297634,25
2021-04-12,SLCE3,SLC AGRICOLA,20745,2021-03-17 20:10:18,2020-12-31,190.595,813.23,780.93,0.1300142169287397,9255.2932,10068.5232,0.07756152362046502,26
2021-04-12,GOAU4,GERDAU MET,8656,2021-02-24 08:18:57,2020-12-31,1087.243204,8402.538,5186.31,0.0834324498989416,15090.935671520003,23493.473671520005,0.22075534986923248,27
2021-04-12,LJQQ3,QUERO-QUERO,25038,2021-03-03 18:25:46,2020-12-31,187.29,-131.23,153.568,0.2911684961375708,3064.0643999999998,2932.8343999999997,0.05236163351057258,28
2021-04-12,RANI3,IRANI,2429,2021-02-26 08:01:05,2020-12-31,256.72,242.015,165.515,0.1062464074695455,1435.0648,1677.0798,0.09869238184134112,29
2021-04-12,TRIS3,TRISUL,21130,2021-03-10 18:04:27,2020-12-31,186.618,62.529,199.096,0.103026793337771,1869.9123599999998,1932.4413599999998,0.10302822332471709,30
2022-04-11,BRAP4,BRADESPAR,18724,2022-03-29 06:35:35,2021-12-31,393.097,-294.709,8017.274,0.7340908291934309,12846.409959999999,12551.700959999998,0.638740042130513,1
2022-04-11,ENAT3,ENAUTA PART,22365,2022-03-17 21:43:45,2021-12-31,265.806905,-2248.785,2114.632,0.7279940869853692,5778.642114699999,3529.8571146999993,0.5990701411662442,2
2022-04-11,BRKM5,BRASKEM,4820,2022-03-16 19:43:41,2021-12-31,797.207834,22861.694,26043.547,0.5913790579780399,36137.43111522,58999.12511522,0.44142259650697,3
2022-04-11,CMIN3,CSNMINERACAO,25585,2022-03-09 20:33:03,2021-12-31,5485.838838,-6220.763,9469.498,0.8035805576220509,32092.157202299997,25871.394202299998,0.36602194400324006,4
2022-04-11,SYNE3,SYN PROP TEC,21040,2022-02-25 00:12:00,2021-12-31,152.644,860.17,1634.237,0.2967525544300356,943.33992,1803.50992,0.906142506829128,5
2022-04-11,USIM5,USIMINAS,14320,2022-02-11 07:52:46,2021-12-31,1253.079108,-723.972,11490.462,0.3208739331446856,16227.374448599998,15503.402448599998,0.7411574354787921,6
2022-04-11,GOAU4,GERDAU MET,8656,2022-02-23 07:39:32,2021-12-31,1087.243204,6484.661,20984.569,0.27640081629732,12709.87305476,19194.53405476,1.093257535719972,7
2022-04-11,TASA4,TAURUS ARMAS,6173,2022-03-15 17:55:37,2021-12-31,118.099545,436.769,973.565,0.5382344515402707,2873.36192985,3310.13092985,0.29411676475411125,8
2022-04-11,VALE3,VALE,4170,2022-02-24 19:18:54,2021-12-31,5132.458,10472.0,141335.0,0.449482484460078,482656.35031999997,493128.35031999997,0.2866089526353233,9
2022-04-11,MRFG3,MARFRIG,20788,2022-03-08 18:33:31,2021-12-31,691.369913,22568.0,12611.143,0.295786649356854,15175.56959035,37743.56959035,0.3341269290868642,10
2022-04-11,GGBR4,GERDAU,3980,2022-02-23 07:39:08,2021-12-31,1719.658728,7252.827,21023.022,0.2771243630423262,50420.39390496,57673.22090496,0.36451964482170934,11
2022-04-11,LEVE3,METAL LEVE,8575,2022-03-28 17:45:22,2021-12-31,128.3085,-88.891,722.621,0.294054091713977,3037.0621950000004,2948.1711950000004,0.2451082220820626,12
2022-04-11,CURY3,CURY S/A,25100,2022-03-24 16:23:07,2021-12-31,291.875088,-300.348,376.368,0.5671557605370108,2183.22565824,1882.87765824,0.19988977953660886,13
2022-04-11,ALLD3,ALLIED,25330,2022-03-29 19:13:47,2021-12-31,93.221,-338.125,407.51,0.2291738525824988,1382.4674300000001,1044.3424300000001,0.3902072618077961,14
2022-04-11,FESA4,FERBASA,3069,2022-03-04 18:20:09,2021-12-31,88.32,-196.923,800.842,0.2431979482422575,3887.8464,3690.9233999999997,0.21697605536869177,15
2022-04-11,DEXP3,DEXXOS PAR,16632,2022-03-23 08:53:07,2021-12-31,94.013535,251.248,254.073,0.2147148010002803,714.502866,965.7508660000001,0.26308337786155295,16
2022-04-11,EUCA4,EUCATEX,5770,2022-03-30 20:18:52,2021-12-31,92.619,380.81,549.721,0.1599137614145137,928.9685699999999,1309.77857,0.41970529415517926,17
2022-04-11,RANI3,IRANI,2429,2022-02-24 07:33:49,2021-12-31,256.72,386.053,435.824,0.2141017989699968,1653.2768000000003,2039.3298000000004,0.21370942551812852,18
2022-04-11,PARD3,IHPARDINI,24090,2022-02-10 20:22:26,2021-12-31,130.979,64.278,359.094,0.2528455980173661,2347.1436800000006,2411.4216800000004,0.14891381419445476,19
2022-04-11,JBSS3,JBS,20575,2022-03-21 18:41:00,2021-12-31,2373.86657,68033.65,32270.103,0.1838746434117407,91037.78295950001,159071.4329595,0.20286548250442962,20
2022-04-11,LAVV3,LAVVI,25062,2022-03-09 18:22:16,2021-12-31,208.191252,-464.271,176.563,0.1483173155858982,993.0722720399999,528.80127204,0.3338929184471483,21
2022-04-11,PTBL3,PORTOBELLO,13773,2022-03-17 22:16:43,2021-12-31,147.53,572.674,288.741,0.2051708653134961,1313.017,1885.691,0.15312211809888257,22
2022-04-11,PDTC3,PADTEC,18414,2022-03-15 18:02:05,2021-12-31,78.45,20.339,55.339,0.2456599585676235,401.66400000000004,422.00300000000004,0.13113413885683275,23
2022-04-11,SLCE3,SLC AGRICOLA,20745,2022-03-15 23:58:48,2021-12-31,212.422599,2447.979,1913.367,0.2028938079756685,10293.99914754,12741.97814754,0.1501624769596234,24
2022-04-11,BEEF3,MINERVA,20931,2022-02-23 21:43:02,2021-12-31,606.700828,6102.696,2035.418,0.1988175633326115,8251.131260799999,14353.827260799999,0.14180315556386022,25
2022-04-11,JALL3,JALLESMACHAD,25496,2021-06-23 08:15:11,2021-03-31,294.697091,707.215,519.708,0.1860935612994371,2890.9784627100003,3598.1934627100004,0.14443581352309467,26
2022-04-11,RAPT4,RANDON PART,14109,2022-02-24 19:36:51,2021-12-31,329.331,1812.935,1100.515,0.1427646026917992,3392.1093000000005,5205.0443000000005,0.21143239837555272,27
2022-04-11,DXCO3,DEXCO,21091,2022-02-09 20:32:27,2021-12-31,760.963,2448.346,1891.392,0.1525454620330266,10021.88271,12470.22871,0.15167259911466371,28
2022-04-11,BLAU3,BLAU,24627,2022-02-21 23:20:48,2021-12-31,179.393939,-548.304,456.624,0.2773579144122711,4859.781807509999,4311.477807509999,0.10590892969566584,29
2022-04-11,MLAS3,MULTILASER,26034,2022-03-24 23:45:31,2021-12-31,820.539225,-362.409,778.478,0.1409099218955046,4824.770643,4462.361643,0.1744542603850093,30
